Year,Income bracket,Tax Rate
1947,0.0,20.0
1947,22082.427536231884,22.0
1947,44164.85507246377,26.0
1947,66247.28260869565,30.0
1947,88329.71014492754,34.0
1947,110412.13768115944,38.0
1947,132494.5652173913,43.0
1947,154576.99275362317,47.0
1947,176659.42028985507,50.0
1947,198741.84782608697,53.0
1947,220824.27536231888,56.0
1947,242906.70289855075,59.0
1947,287071.55797101447,62.0
1947,353318.84057971014,65.0
1947,419566.1231884058,69.0
1947,485813.4057971015,72.0
1947,552060.6884057971,75.0
1947,662472.8260869565,78.0
1947,772884.963768116,81.0
1947,883297.1014492755,84.0
1947,993709.2391304348,87.0
1947,1104121.3768115942,89.0
1947,1656182.0652173914,90.0
1947,2208242.7536231885,91.0
1948,0.0,20.0
1948,20189.648033126294,22.0
1948,40379.29606625259,26.0
1948,60568.94409937888,30.0
1948,80758.59213250517,34.0
1948,100948.24016563148,38.0
1948,121137.88819875776,43.0
1948,141327.53623188406,47.0
1948,161517.18426501035,50.0
1948,181706.83229813664,53.0
1948,201896.48033126295,56.0
1948,222086.12836438924,59.0
1948,262465.4244306418,62.0
1948,323034.3685300207,65.0
1948,383603.3126293996,69.0
1948,444172.2567287785,72.0
1948,504741.2008281574,75.0
1948,605689.4409937888,78.0
1948,706637.6811594203,81.0
1948,807585.9213250518,84.0
1948,908534.1614906833,87.0
1948,1009482.4016563148,89.0
1948,1514223.602484472,90.0
1948,2018964.8033126297,91.0
1949,0.0,20.0
1949,20383.779264214045,22.0
1949,40767.55852842809,26.0
1949,61151.33779264214,30.0
1949,81535.11705685618,34.0
1949,101918.89632107022,38.0
1949,122302.67558528428,43.0
1949,142686.45484949832,47.0
1949,163070.23411371236,50.0
1949,183454.0133779264,53.0
1949,203837.79264214044,56.0
1949,224221.57190635448,59.0
1949,264989.13043478254,62.0
1949,326140.4682274247,65.0
1949,387291.80602006684,69.0
1949,448443.14381270896,72.0
1949,509594.48160535115,75.0
1949,611513.3779264214,78.0
1949,713432.2742474915,81.0
1949,815351.1705685618,84.0
1949,917270.066889632,87.0
1949,1019188.9632107023,89.0
1949,1528783.4448160531,90.0
1949,2038377.9264214046,91.0
1950,0.0,20.0
1950,20417.9229480737,22.0
1950,40835.8458961474,26.0
1950,61253.7688442211,30.0
1950,81671.6917922948,34.0
1950,102089.61474036852,38.0
1950,122507.5376884422,43.0
1950,142925.46063651593,47.0
1950,163343.3835845896,50.0
1950,183761.30653266332,53.0
1950,204179.22948073703,56.0
1950,224597.15242881072,59.0
1950,265432.9983249581,62.0
1950,326686.7671691792,65.0
1950,387940.53601340036,69.0
1950,449194.30485762144,72.0
1950,510448.0737018426,75.0
1950,612537.6884422111,78.0
1950,714627.3031825796,81.0
1950,816716.9179229481,84.0
1950,918806.5326633166,87.0
1950,1020896.1474036851,89.0
1950,1531344.2211055278,90.0
1950,2041792.2948073703,91.0
1951,0.0,20.4
1951,18803.70227535673,22.4
1951,37607.40455071346,27.0
1951,56411.10682607019,30.0
1951,75214.80910142692,35.0
1951,94018.51137678364,39.0
1951,112822.21365214037,43.0
1951,131625.91592749712,48.0
1951,150429.61820285383,51.0
1951,169233.32047821057,54.0
1951,188037.0227535673,57.0
1951,206840.725028924,60.0
1951,244448.1295796375,63.0
1951,300859.23640570766,66.0
1951,357270.34323177784,69.0
1951,413681.450057848,73.0
1951,470092.55688391824,75.0
1951,564111.0682607018,78.0
1951,658129.5796374856,82.0
1951,752148.0910142692,84.0
1951,846166.6023910529,87.0
1951,940185.1137678365,89.0
1951,1410277.6706517548,90.0
1951,1880370.227535673,91.0
1952,0.0,22.2
1952,18378.439502450055,24.6
1952,36756.87900490011,29.0
1952,55135.318507350166,34.0
1952,73513.75800980022,38.0
1952,91892.19751225028,42.0
1952,110270.63701470033,48.0
1952,128649.07651715037,53.0
1952,147027.51601960044,56.0
1952,165405.9555220505,59.0
1952,183784.39502450055,62.0
1952,202162.8345269506,66.0
1952,238919.71353185072,67.0
1952,294055.0320392009,68.0
1952,349190.350546551,72.0
1952,404325.6690539012,75.0
1952,459460.9875612514,77.0
1952,551353.1850735017,80.0
1952,643245.3825857519,83.0
1952,735137.5800980022,85.0
1952,827029.7776102525,88.0
1952,918921.9751225028,90.0
1952,1378382.9626837543,91.0
1952,1837843.9502450055,92.0
1953,0.0,22.2
1953,18213.672020918937,24.6
1953,36427.344041837874,29.0
1953,54641.01606275682,34.0
1953,72854.68808367575,38.0
1953,91068.3601045947,42.0
1953,109282.03212551364,48.0
1953,127495.70414643257,53.0
1953,145709.3761673515,56.0
1953,163923.04818827045,59.0
1953,182136.7202091894,62.0
1953,200350.39223010832,66.0
1953,236777.7362719462,67.0
1953,291418.752334703,68.0
1953,346059.7683974598,72.0
1953,400700.78446021664,75.0
1953,455341.80052297347,77.0
1953,546410.1606275681,80.0
1953,637478.5207321629,83.0
1953,728546.8808367576,85.0
1953,819615.2409413522,88.0
1953,910683.6010459469,90.0
1953,1366025.4015689204,91.0
1953,1821367.2020918939,92.0
1954,0.0,20.0
1954,18098.737936154415,22.0
1954,36197.47587230883,26.0
1954,54296.213808463246,30.0
1954,72394.95174461766,34.0
1954,90493.68968077208,38.0
1954,108592.42761692649,43.0
1954,126691.16555308092,47.0
1954,144789.90348923532,50.0
1954,162888.64142538974,53.0
1954,180987.37936154415,56.0
1954,199086.1172976986,59.0
1954,235283.5931700074,62.0
1954,289579.80697847065,65.0
1954,343876.0207869339,69.0
1954,398172.2345953972,72.0
1954,452468.4484038604,75.0
1954,542962.1380846325,78.0
1954,633455.8277654045,81.0
1954,723949.5174461766,84.0
1954,814443.2071269486,87.0
1954,904936.8968077208,89.0
1954,1357405.345211581,90.0
1954,1809873.7936154415,91.0
1955,0.0,20.0
1955,36509.17259453388,22.0
1955,73018.34518906775,26.0
1955,109527.51778360165,30.0
1955,146036.6903781355,34.0
1955,182545.8629726694,38.0
1955,219055.0355672033,43.0
1955,255564.20816173716,47.0
1955,292073.380756271,50.0
1955,328582.55335080496,53.0
1955,365091.7259453388,56.0
1955,401600.89853987267,59.0
1955,474619.24372894043,62.0
1955,584146.761512542,65.0
1955,693674.2792961437,69.0
1955,803201.7970797453,72.0
1955,912729.314863347,75.0
1955,1095275.1778360165,78.0
1955,1277821.0408086858,81.0
1955,1460366.9037813551,84.0
1955,1642912.7667540247,87.0
1955,1825458.629726694,89.0
1955,2738187.944590041,90.0
1955,3650917.259453388,91.0
1956,0.0,20.0
1956,35917.495395948434,22.0
1956,71834.99079189687,26.0
1956,107752.48618784531,30.0
1956,143669.98158379373,34.0
1956,179587.47697974218,38.0
1956,215504.97237569062,43.0
1956,251422.46777163906,47.0
1956,287339.96316758747,50.0
1956,323257.4585635359,53.0
1956,359174.95395948435,56.0
1956,395092.44935543276,59.0
1956,466927.4401473297,62.0
1956,574679.9263351749,65.0
1956,682432.4125230203,69.0
1956,790184.8987108655,72.0
1956,897937.3848987109,75.0
1956,1077524.861878453,78.0
1956,1257112.3388581953,81.0
1956,1436699.8158379374,84.0
1956,1616287.2928176797,87.0
1956,1795874.7697974218,89.0
1956,2693812.1546961325,90.0
1956,3591749.5395948435,91.0
1957,0.0,20.0
1957,34690.85734614016,22.0
1957,69381.71469228032,26.0
1957,104072.57203842048,30.0
1957,138763.42938456064,34.0
1957,173454.2867307008,38.0
1957,208145.14407684095,43.0
1957,242836.00142298115,47.0
1957,277526.8587691213,50.0
1957,312217.7161152615,53.0
1957,346908.5734614016,56.0
1957,381599.4308075418,59.0
1957,450981.1454998221,62.0
1957,555053.7175382426,65.0
1957,659126.289576663,69.0
1957,763198.8616150836,72.0
1957,867271.4336535041,75.0
1957,1040725.720384205,78.0
1957,1214180.0071149056,81.0
1957,1387634.2938456065,84.0
1957,1561088.5805763074,87.0
1957,1734542.8673070082,89.0
1957,2601814.3009605124,90.0
1957,3469085.7346140165,91.0
1958,0.0,20.0
1958,33730.888965755796,22.0
1958,67461.77793151159,26.0
1958,101192.66689726738,30.0
1958,134923.55586302318,34.0
1958,168654.44482877894,38.0
1958,202385.33379453476,43.0
1958,236116.22276029055,47.0
1958,269847.11172604637,50.0
1958,303578.0006918021,53.0
1958,337308.8896575579,56.0
1958,371039.7786233137,59.0
1958,438501.5565548253,62.0
1958,539694.2234520927,65.0
1958,640886.8903493601,69.0
1958,742079.5572466274,72.0
1958,843272.2241438949,75.0
1958,1011926.6689726738,78.0
1958,1180581.1138014528,81.0
1958,1349235.5586302315,84.0
1958,1517890.0034590107,87.0
1958,1686544.4482877897,89.0
1958,2529816.6724316846,90.0
1958,3373088.8965755794,91.0
1959,0.0,20.0
1959,33499.14118859498,22.0
1959,66998.28237718996,26.0
1959,100497.42356578495,30.0
1959,133996.5647543799,34.0
1959,167495.70594297492,38.0
1959,200994.8471315699,43.0
1959,234493.98832016488,47.0
1959,267993.1295087598,50.0
1959,301492.27069735486,53.0
1959,334991.41188594984,56.0
1959,368490.5530745448,59.0
1959,435488.8354517348,62.0
1959,535986.2590175197,65.0
1959,636483.6825833047,69.0
1959,736981.1061490896,72.0
1959,837478.5297148746,75.0
1959,1004974.2356578495,78.0
1959,1172469.9416008245,81.0
1959,1339965.6475437994,84.0
1959,1507461.3534867743,87.0
1959,1674957.0594297491,89.0
1959,2512435.589144624,90.0
1959,3349914.1188594983,91.0
1960,0.0,20.0
1960,32933.46842283012,22.0
1960,65866.93684566024,26.0
1960,98800.40526849037,30.0
1960,131733.87369132048,34.0
1960,164667.3421141506,38.0
1960,197600.81053698075,43.0
1960,230534.27895981088,47.0
1960,263467.74738264096,50.0
1960,296401.2158054711,53.0
1960,329334.6842283012,56.0
1960,362268.1526511313,59.0
1960,428135.0894967916,62.0
1960,526935.4947652819,65.0
1960,625735.9000337723,69.0
1960,724536.3053022627,72.0
1960,823336.7105707532,75.0
1960,988004.0526849037,78.0
1960,1152671.3947990544,81.0
1960,1317338.736913205,84.0
1960,1482006.0790273556,87.0
1960,1646673.4211415064,89.0
1960,2470010.1317122593,90.0
1960,3293346.842283013,91.0
1961,0.0,20.0
1961,32679.624664879353,22.0
1961,65359.249329758706,26.0
1961,98038.87399463807,30.0
1961,130718.49865951741,34.0
1961,163398.1233243968,38.0
1961,196077.74798927613,43.0
1961,228757.37265415548,47.0
1961,261436.99731903482,50.0
1961,294116.6219839142,53.0
1961,326796.2466487936,56.0
1961,359475.8713136729,59.0
1961,424835.12064343167,62.0
1961,522873.99463806965,65.0
1961,620912.8686327077,69.0
1961,718951.7426273458,72.0
1961,816990.6166219838,75.0
1961,980388.7399463807,78.0
1961,1143786.8632707775,81.0
1961,1307184.9865951743,84.0
1961,1470583.1099195709,87.0
1961,1633981.2332439676,89.0
1961,2450971.849865952,90.0
1961,3267962.4664879353,91.0
1962,0.0,20.0
1962,32279.377689506786,22.0
1962,64558.75537901357,26.0
1962,96838.13306852034,30.0
1962,129117.51075802714,34.0
1962,161396.88844753391,38.0
1962,193676.2661370407,43.0
1962,225955.6438265475,47.0
1962,258235.0215160543,50.0
1962,290514.3992055611,53.0
1962,322793.77689506783,56.0
1962,355073.15458457463,59.0
1962,419631.9099635882,62.0
1962,516470.0430321086,65.0
1962,613308.1761006288,69.0
1962,710146.3091691493,72.0
1962,806984.4422376696,75.0
1962,968381.3306852034,78.0
1962,1129778.2191327375,81.0
1962,1291175.1075802713,84.0
1962,1452571.9960278051,87.0
1962,1613968.8844753392,89.0
1962,2420953.326713009,90.0
1962,3227937.7689506784,91.0
1963,0.0,20.0
1963,31857.562887945114,22.0
1963,63715.12577589023,26.0
1963,95572.68866383535,30.0
1963,127430.25155178046,34.0
1963,159287.81443972557,38.0
1963,191145.3773276707,43.0
1963,223002.9402156158,47.0
1963,254860.5031035609,50.0
1963,286718.06599150604,53.0
1963,318575.62887945113,56.0
1963,350433.19176739623,59.0
1963,414148.3175432865,62.0
1963,509721.0062071218,65.0
1963,605293.6948709572,69.0
1963,700866.3835347925,72.0
1963,796439.0721986279,75.0
1963,955726.8866383535,78.0
1963,1115014.701078079,81.0
1963,1274302.5155178045,84.0
1963,1433590.3299575304,87.0
1963,1592878.1443972557,89.0
1963,2389317.216595884,90.0
1963,3185756.2887945115,91.0
1964,0.0,16.0
1964,7861.657529829087,16.5
1964,15723.315059658175,17.5
1964,23584.97258948726,18.0
1964,31446.63011931635,20.0
1964,62893.2602386327,23.5
1964,94339.89035794904,27.0
1964,125786.5204772654,30.5
1964,157233.15059658172,34.0
1964,188679.7807158981,37.5
1964,220126.41083521445,41.0
1964,251573.0409545308,44.5
1964,283019.6710738471,47.5
1964,314466.30119316344,50.5
1964,345912.93131247984,53.5
1964,408806.1915511125,56.0
1964,503146.0819090616,58.5
1964,597485.9722670106,61.0
1964,691825.8626249597,63.5
1964,786165.7529829086,66.0
1964,943398.9035794904,68.5
1964,1100632.0541760721,71.0
1964,1257865.2047726538,73.5
1964,1415098.3553692356,75.0
1964,1572331.5059658173,76.5
1964,3144663.0119316345,77.0
1965,0.0,14.0
1965,7712.432774438469,15.0
1965,15424.865548876938,16.0
1965,23137.29832331541,17.0
1965,30849.731097753876,19.0
1965,61699.46219550775,22.0
1965,92549.19329326163,25.0
1965,123398.9243910155,28.0
1965,154248.65548876938,32.0
1965,185098.38658652327,36.0
1965,215948.11768427712,39.0
1965,246797.848782031,42.0
1965,277647.57987978484,45.0
1965,308497.31097753876,48.0
1965,339347.0420752926,50.0
1965,401046.5042708004,53.0
1965,493595.697564062,55.0
1965,586144.8908573235,58.0
1965,678694.0841505852,60.0
1965,771243.2774438469,62.0
1965,925491.9329326162,64.0
1965,1079740.5884213855,66.0
1965,1233989.243910155,68.0
1965,1388237.8993989243,69.0
1965,1542486.5548876938,70.0
1966,0.0,14.0
1966,7529.030265596047,15.0
1966,15058.060531192094,16.0
1966,22587.09079678814,17.0
1966,30116.121062384187,19.0
1966,60232.242124768374,22.0
1966,90348.36318715256,25.0
1966,120464.48424953675,28.0
1966,150580.6053119209,32.0
1966,180696.72637430512,36.0
1966,210812.8474366893,39.0
1966,240928.9684990735,42.0
1966,271045.0895614577,45.0
1966,301161.2106238418,48.0
1966,331277.331686226,50.0
1966,391509.5738109944,53.0
1966,481857.936998147,55.0
1966,572206.3001852995,58.0
1966,662554.663372452,60.0
1966,752903.0265596047,62.0
1966,903483.6318715255,64.0
1966,1054064.2371834465,66.0
1966,1204644.8424953672,68.0
1966,1355225.4478072883,69.0
1966,1505806.0531192094,70.0
1967,0.0,14.0
1967,7321.021021021022,15.0
1967,14642.042042042043,16.0
1967,21963.063063063066,17.0
1967,29284.084084084086,19.0
1967,58568.16816816817,22.0
1967,87852.25225225226,25.0
1967,117136.33633633635,28.0
1967,146420.4204204204,32.0
1967,175704.50450450453,36.0
1967,204988.58858858858,39.0
1967,234272.6726726727,42.0
1967,263556.7567567568,45.0
1967,292840.8408408408,48.0
1967,322124.9249249249,50.0
1967,380693.09309309314,53.0
1967,468545.3453453454,55.0
1967,556397.5975975976,58.0
1967,644249.8498498498,60.0
1967,732102.1021021021,62.0
1967,878522.5225225226,64.0
1967,1024942.9429429431,66.0
1967,1171363.3633633633,68.0
1967,1317783.783783784,69.0
1967,1464204.2042042043,70.0
1968,0.0,14.0
1968,7025.64841498559,15.0
1968,14051.29682997118,16.0
1968,21076.945244956773,17.0
1968,28102.59365994236,19.0
1968,56205.18731988472,22.0
1968,84307.78097982709,25.0
1968,112410.37463976943,28.0
1968,140512.9682997118,32.0
1968,168615.56195965418,36.0
1968,196718.1556195965,39.0
1968,224820.74927953887,42.0
1968,252923.34293948126,45.0
1968,281025.9365994236,48.0
1968,309128.530259366,50.0
1968,365333.71757925063,53.0
1968,449641.49855907774,55.0
1968,533949.2795389049,58.0
1968,618257.060518732,60.0
1968,702564.841498559,62.0
1968,843077.8097982708,64.0
1968,983590.7780979826,66.0
1968,1124103.7463976943,68.0
1968,1264616.7146974064,69.0
1968,1405129.682997118,70.0
1969,0.0,14.0
1969,6660.928961748634,15.0
1969,13321.857923497268,16.0
1969,19982.7868852459,17.0
1969,26643.715846994535,19.0
1969,53287.43169398907,22.0
1969,79931.1475409836,25.0
1969,106574.86338797814,28.0
1969,133218.57923497265,32.0
1969,159862.2950819672,36.0
1969,186506.01092896174,39.0
1969,213149.72677595628,42.0
1969,239793.4426229508,45.0
1969,266437.1584699453,48.0
1969,293080.87431693985,50.0
1969,346368.30601092894,53.0
1969,426299.45355191256,55.0
1969,506230.60109289613,58.0
1969,586161.7486338797,60.0
1969,666092.8961748633,62.0
1969,799311.475409836,64.0
1969,932530.0546448086,66.0
1969,1065748.6338797812,68.0
1969,1198967.213114754,69.0
1969,1332185.7923497267,70.0
1970,0.0,14.0
1970,6283.2474226804125,15.0
1970,12566.494845360825,16.0
1970,18849.74226804124,17.0
1970,25132.98969072165,19.0
1970,50265.9793814433,22.0
1970,75398.96907216495,25.0
1970,100531.9587628866,28.0
1970,125664.94845360826,32.0
1970,150797.9381443299,36.0
1970,175930.92783505155,39.0
1970,201063.9175257732,42.0
1970,226196.90721649484,45.0
1970,251329.89690721652,48.0
1970,276462.88659793814,50.0
1970,326728.86597938143,53.0
1970,402127.8350515464,55.0
1970,477526.8041237113,58.0
1970,552925.7731958763,60.0
1970,628324.7422680412,62.0
1970,753989.6907216496,64.0
1970,879654.6391752578,66.0
1970,1005319.5876288661,68.0
1970,1130984.5360824743,69.0
1970,1256649.4845360825,70.0
1971,0.0,14.0
1971,6019.506172839506,15.0
1971,12039.012345679012,16.0
1971,18058.51851851852,17.0
1971,24078.024691358023,19.0
1971,48156.049382716046,22.0
1971,72234.07407407407,25.0
1971,96312.09876543209,28.0
1971,120390.12345679011,32.0
1971,144468.14814814815,36.0
1971,168546.17283950615,39.0
1971,192624.19753086418,42.0
1971,216702.22222222222,45.0
1971,240780.24691358022,48.0
1971,264858.2716049383,50.0
1971,313014.3209876543,53.0
1971,385248.39506172837,55.0
1971,457482.4691358025,58.0
1971,529716.5432098766,60.0
1971,601950.6172839506,62.0
1971,722340.7407407408,64.0
1971,842730.8641975309,66.0
1971,963120.9876543209,68.0
1971,1083511.111111111,69.0
1971,1203901.2345679011,70.0
1972,0.0,14.0
1972,5846.282973621103,15.0
1972,11692.565947242207,16.0
1972,17538.848920863307,17.0
1972,23385.131894484413,19.0
1972,46770.26378896883,22.0
1972,70155.39568345323,25.0
1972,93540.52757793765,28.0
1972,116925.65947242205,32.0
1972,140310.79136690646,36.0
1972,163695.92326139088,39.0
1972,187081.0551558753,42.0
1972,210466.18705035967,45.0
1972,233851.3189448441,48.0
1972,257236.4508393285,50.0
1972,304006.7146282973,53.0
1972,374162.1103117506,55.0
1972,444317.5059952038,58.0
1972,514472.901678657,60.0
1972,584628.2973621103,62.0
1972,701553.9568345323,64.0
1972,818479.6163069544,66.0
1972,935405.2757793764,68.0
1972,1052330.9352517982,69.0
1972,1169256.5947242207,70.0
1973,0.0,14.0
1973,5515.6108597285065,15.0
1973,11031.221719457013,16.0
1973,16546.83257918552,17.0
1973,22062.443438914026,19.0
1973,44124.88687782805,22.0
1973,66187.33031674208,25.0
1973,88249.7737556561,28.0
1973,110312.21719457013,32.0
1973,132374.66063348416,36.0
1973,154437.10407239816,39.0
1973,176499.5475113122,42.0
1973,198561.99095022623,45.0
1973,220624.43438914025,48.0
1973,242686.87782805428,50.0
1973,286811.76470588235,53.0
1973,352999.0950226244,55.0
1973,419186.4253393665,58.0
1973,485373.75565610855,60.0
1973,551561.0859728506,62.0
1973,661873.3031674207,64.0
1973,772185.5203619909,66.0
1973,882497.737556561,68.0
1973,992809.9547511311,69.0
1973,1103122.1719457011,70.0
1974,0.0,14.0
1974,4975.306122448979,15.0
1974,9950.612244897959,16.0
1974,14925.918367346938,17.0
1974,19901.224489795917,19.0
1974,39802.448979591834,22.0
1974,59703.67346938775,25.0
1974,79604.89795918367,28.0
1974,99506.1224489796,32.0
1974,119407.3469387755,36.0
1974,139308.57142857142,39.0
1974,159209.79591836734,42.0
1974,179111.02040816325,45.0
1974,199012.2448979592,48.0
1974,218913.4693877551,50.0
1974,258715.91836734692,53.0
1974,318419.5918367347,55.0
1974,378123.2653061224,58.0
1974,437826.9387755102,60.0
1974,497530.61224489793,62.0
1974,597036.7346938775,64.0
1974,696542.8571428572,66.0
1974,796048.9795918368,68.0
1974,895555.1020408163,69.0
1974,995061.2244897959,70.0
1975,0.0,14.0
1975,4556.822429906542,15.0
1975,9113.644859813085,16.0
1975,13670.467289719625,17.0
1975,18227.28971962617,19.0
1975,36454.57943925234,22.0
1975,54681.8691588785,25.0
1975,72909.15887850468,28.0
1975,91136.44859813084,32.0
1975,109363.738317757,36.0
1975,127591.02803738319,39.0
1975,145818.31775700935,42.0
1975,164045.6074766355,45.0
1975,182272.89719626168,48.0
1975,200500.18691588784,50.0
1975,236954.7663551402,53.0
1975,291636.6355140187,55.0
1975,346318.50467289716,58.0
1975,401000.3738317757,60.0
1975,455682.2429906542,62.0
1975,546818.691588785,64.0
1975,637955.1401869159,66.0
1975,729091.5887850467,68.0
1975,820228.0373831776,69.0
1975,911364.4859813084,70.0
1976,0.0,14.0
1976,4299.647266313932,15.0
1976,8599.294532627864,16.0
1976,12898.941798941798,17.0
1976,17198.58906525573,19.0
1976,34397.17813051146,22.0
1976,51595.76719576719,25.0
1976,68794.35626102291,28.0
1976,85992.94532627866,32.0
1976,103191.53439153438,36.0
1976,120390.12345679011,39.0
1976,137588.71252204583,42.0
1976,154787.3015873016,45.0
1976,171985.8906525573,48.0
1976,189184.47971781302,50.0
1976,223581.6578483245,53.0
1976,275177.42504409165,55.0
1976,326773.19223985885,58.0
1976,378368.95943562605,60.0
1976,429964.72663139325,62.0
1976,515957.67195767193,64.0
1976,601950.6172839506,66.0
1976,687943.5626102292,68.0
1976,773936.5079365079,69.0
1976,859929.4532627865,70.0
1977,0.0,0.0
1977,12894.677685950413,14.0
1977,16924.26446280992,15.0
1977,20953.85123966942,16.0
1977,24983.438016528926,17.0
1977,29013.024793388427,19.0
1977,45131.371900826445,22.0
1977,61249.71900826446,25.0
1977,77368.06611570249,28.0
1977,93486.4132231405,32.0
1977,109604.76033057852,36.0
1977,125723.10743801652,39.0
1977,141841.45454545456,42.0
1977,157959.80165289255,45.0
1977,174078.14876033057,48.0
1977,190196.4958677686,50.0
1977,222433.1900826446,53.0
1977,270788.2314049587,55.0
1977,319143.2727272727,58.0
1977,367498.31404958677,60.0
1977,415853.35537190083,62.0
1977,496445.0909090909,64.0
1977,577036.8264462809,66.0
1977,657628.561983471,68.0
1977,738220.2975206611,69.0
1977,818812.0330578513,70.0
1978,0.0,0.0
1978,12001.969230769231,14.0
1978,15752.584615384614,15.0
1978,19503.2,16.0
1978,23253.815384615384,17.0
1978,27004.43076923077,19.0
1978,42006.89230769231,22.0
1978,57009.35384615384,25.0
1978,72011.81538461537,28.0
1978,87014.27692307692,32.0
1978,102016.73846153845,36.0
1978,117019.2,39.0
1978,132021.66153846154,42.0
1978,147024.12307692308,45.0
1978,162026.5846153846,48.0
1978,177029.04615384617,50.0
1978,207033.96923076923,53.0
1978,252041.35384615383,55.0
1978,297048.73846153845,58.0
1978,342056.1230769231,60.0
1978,387063.50769230764,62.0
1978,462075.8153846154,64.0
1978,537088.123076923,66.0
1978,612100.4307692308,68.0
1978,687112.7384615385,69.0
1978,762125.0461538461,70.0
1979,0.0,0.0
1979,11480.415512465373,14.0
1979,18571.26038781163,16.0
1979,25662.105263157893,18.0
1979,40181.454293628805,21.0
1979,54025.48476454293,24.0
1979,68207.17451523546,28.0
1979,83064.18282548476,32.0
1979,100960.12465373961,37.0
1979,118856.06648199445,43.0
1979,154647.95013850415,49.0
1979,202595.567867036,54.0
1979,289036.34349030466,59.0
1979,369399.2520775623,64.0
1979,548358.6703601107,68.0
1979,727318.0886426592,70.0
1980,0.0,0.0
1980,10047.10303030303,14.0
1980,16252.666666666668,16.0
1980,22458.230303030305,18.0
1980,35164.8606060606,21.0
1980,47280.48484848485,24.0
1980,59691.61212121212,28.0
1980,72693.74545454545,32.0
1980,88355.40606060607,37.0
1980,104017.06666666667,43.0
1980,135340.38787878788,49.0
1980,177301.81818181818,54.0
1980,252950.5939393939,59.0
1980,323280.3151515151,64.0
1980,479896.9212121212,68.0
1980,636513.5272727272,70.0
1981,0.0,0.0
1981,9158.961325966851,14.0
1981,14815.966850828729,16.0
1981,20472.972375690606,18.0
1981,32056.364640883978,21.0
1981,43100.99447513812,24.0
1981,54415.005524861874,28.0
1981,66267.77900552486,32.0
1981,80544.98342541436,37.0
1981,94822.18784530387,43.0
1981,123376.59668508287,49.0
1981,161628.72928176794,54.0
1981,230590.32044198894,59.0
1981,294703.0497237569,64.0
1981,437475.0939226519,68.0
1981,580247.138121547,70.0
1982,0.0,0.0
1982,8545.216494845361,12.0
1982,13823.144329896906,14.0
1982,19101.072164948455,16.0
1982,29908.25773195876,19.0
1982,40212.78350515464,22.0
1982,50768.63917525773,25.0
1982,61827.154639175256,29.0
1982,75147.63917525773,33.0
1982,88468.1237113402,39.0
1982,115109.09278350516,44.0
1982,150797.93814432988,49.0
1982,215138.39175257733,50.0
1983,0.0,0.0
1983,8338.893360160964,11.0
1983,13489.386317907443,13.0
1983,18639.879275653922,15.0
1983,29186.12676056338,17.0
1983,39241.851106639835,19.0
1983,49542.83702213279,23.0
1983,60334.34607645875,26.0
1983,73333.20925553319,30.0
1983,86332.07243460763,35.0
1983,112329.79879275653,40.0
1983,147156.94164989938,44.0
1983,209943.90342052313,48.0
1983,268316.15694164985,50.0
1984,0.0,0.0
1984,7993.114754098359,11.0
1984,12930.03857280617,12.0
1984,17866.962391513982,14.0
1984,27975.90163934426,16.0
1984,37614.65766634522,18.0
1984,47488.505303760845,22.0
1984,57832.53616200578,25.0
1984,70292.39151398264,28.0
1984,82752.2468659595,33.0
1984,107671.9575699132,38.0
1984,141054.9662487946,42.0
1984,201238.41851494694,45.0
1984,257190.22179363546,49.0
1984,381788.77531340404,50.0
1985,0.0,0.0
1985,8028.061395348837,11.0
1985,12971.895813953488,12.0
1985,17938.40837209302,14.0
1985,28098.214883720928,16.0
1985,37759.10232558139,18.0
1985,47669.44930232558,22.0
1985,58056.037209302325,25.0
1985,70574.37023255814,28.0
1985,83070.02511627907,33.0
1985,108106.6911627907,38.0
1985,141624.98139534885,42.0
1985,202039.54511627904,45.0
1985,258213.29674418602,49.0
1985,383305.91441860463,50.0
1986,0.0,0.0
1986,8178.329981718463,11.0
1986,13236.861060329065,12.0
1986,18273.107861060325,14.0
1986,28613.012797074953,16.0
1986,38484.9478976234,18.0
1986,48579.725776965264,22.0
1986,59164.75776965265,25.0
1986,71911.36471663619,28.0
1986,84635.6873857404,33.0
1986,110128.90127970748,38.0
1986,144290.69926873856,42.0
1986,205839.8747714808,45.0
1986,263065.9003656307,49.0
1986,390531.9698354661,50.0
1987,0.0,11.0
1987,6443.788546255506,15.0
1987,60142.02643171806,28.0
1987,96656.8281938326,35.0
1987,193313.6563876652,38.5
1988,0.0,15.0
1988,61464.004237288136,28.0
1989,0.0,15.0
1989,60800.16518936342,28.0
1990,0.0,15.0
1990,60900.58121632024,28.0
1991,0.0,15.0
1991,60947.5,28.0
1992,0.0,15.0
1992,62296.08850820842,28.0
1993,0.0,15.0
1993,62341.30977130977,28.0
1993,150615.9286209286,31.0
1993,236525.2945252945,36.0
1993,422366.5973665973,39.6
1994,0.0,15.0
1994,62637.05206220419,28.0
1994,151400.3482082488,31.0
1994,230768.0865449628,36.0
1994,412085.8688302907,39.6
1995,0.0,15.0
1995,62387.20472440944,28.0
1995,150769.0780839895,31.0
1995,229712.8871391076,36.0
1995,410315.8464566929,39.6
1996,0.0,15.0
1996,62386.59221442246,28.0
1996,150754.63305679645,31.0
1996,229788.02169751117,36.0
1996,410335.75303126994,39.6
1997,0.0,15.0
1997,62697.55305867666,28.0
1997,151569.8127340824,31.0
1997,230930.91448189763,36.0
1997,412479.8970037453,39.6
1998,0.0,15.0
1998,63418.344594594586,28.0
1998,153192.36486486485,31.0
1998,233532.2512285012,36.0
1998,416973.7438574938,39.6
1999,0.0,15.0
1999,63223.852409638544,28.0
1999,152809.3343373494,31.0
1999,232848.82228915664,36.0
1999,415838.1837349398,39.6
2000,0.0,15.0
2000,62080.090011614404,28.0
2000,149997.38966318237,31.0
2000,228570.8217189315,36.0
2000,408227.912311266,39.6
2001,0.0,15.0
2001,62010.737197523915,27.5
2001,149882.14687675858,30.5
2001,228424.5075970737,35.5
2001,407940.10410804726,39.1
2002,0.0,10.0
2002,16288.864142538976,15.0
2002,63390.82962138084,27.0
2002,153183.19320712693,30.0
2002,233405.8491091314,35.0
2002,416791.311247216,38.6
2003,0.0,10.0
2003,18640.4150737302,15.0
2003,75626.82687056252,25.0
2003,152651.68487165484,28.0
2003,232605.75095576188,33.0
2003,415348.39158929547,35.0
2004,0.0,10.0
2004,18455.25145579672,15.0
2004,74982.52514557967,25.0
2004,151320.15616728427,28.0
2004,230561.58549497087,33.0
2004,411823.12863949174,35.0
2005,0.0,10.0
2005,18375.498193082083,15.0
2005,74760.5885389778,25.0
2005,150968.56220960247,28.0
2005,230071.3061435209,33.0
2005,410868.5880227155,35.0
2006,0.0,10.0
2006,18241.96729435084,15.0
2006,74055.13875123885,25.0
2006,149439.16253716548,28.0
2006,227662.16798810702,33.0
2006,406578.41674925666,35.0
2007,0.0,10.0
2007,18410.65413976471,15.0
2007,74936.65614715732,25.0
2007,151167.35188241312,28.0
2007,230397.86666280628,33.0
2007,411386.9490527616,35.0
2008,0.0,10.0
2008,17993.081581694358,15.0
2008,72981.28417247992,25.0
2008,147363.8986862133,28.0
2008,224549.17388245356,33.0
2008,401004.6904530886,35.0
2009,0.0,10.0
2009,18954.76046370874,15.0
2009,155553.88751804086,28.0
2009,237048.00735602216,33.0
2009,423304.0667628847,35.0
2010,0.0,10.0
2010,76325.02912076021,25.0
2010,154109.21321000555,28.0
2010,234867.82858116287,33.0
2010,419394.81074958906,35.0
2010,76212.78643087675,25.0
2011,18435.584459489517,15.0
2011,74826.78398263392,25.0
2011,151117.57026058022,28.0
2011,230227.9165146838,33.0
2011,411167.75575385004,35.0
2011,18164.472923320554,15.0
2012,0.0,10.0
2012,18562.365440828973,15.0
2012,75422.94463601196,25.0
2012,152232.7326670284,28.0
2012,231976.22787978503,33.0
2012,414292.7941922949,35.0
2012,0.0,10.0
2013,0.0,10.0
2013,18726.929432724828,15.0
2013,76061.75820014287,25.0
2013,153592.29517932294,28.0
2013,234007.93333161194,33.0
2013,417920.0190210608,35.0
2013,472107.4646905419,39.6
2014,0.0,10.0
2014,18359.152255631165,15.0
2014,74567.98535200334,25.0
2014,150575.90421425222,28.0
2014,229412.26390019784,33.0
2014,409712.5098616624,35.0
2014,462835.77115036553,39.6
2015,0.0,10.0
2015,18328.994309638234,15.0
2015,74445.49509516929,25.0
2015,150328.55837148667,28.0
2015,229035.41628934498,33.0
2015,409039.4892573888,35.0
2015,462075.4867976025,39.6
2016,0.0,10.0
2016,18143.825935407476,15.0
2016,73693.41066201916,25.0
2016,148809.8664954428,28.0
2016,226721.5896298396,33.0
2016,404907.17430641834,35.0
2016,457407.37652287754,39.6
2017,0.0,10.0
2017,17850.0,15.0
2017,72500.0,25.0
2017,146400.0,28.0
2017,223050.0,33.0
2017,398350.0,35.0
2017,450000.0,39.6
